Date,Open,High,Low,Close,Adj Close,Volume
2016-04-18,133600,134400,131400,132200,130978.7344,374705
2016-04-19,132200,134400,132200,133800,132563.9375,451405
2016-04-20,133200,133600,130200,130800,129591.6641,463915
2016-04-21,132000,133400,131200,133400,132167.6563,412070
2016-04-22,132000,133000,131400,132600,131375.0313,194870
2016-04-25,132400,133000,131000,132400,131176.875,355620
2016-04-26,132600,134400,129800,130800,129591.6641,789600
2016-04-27,129600,133000,128000,133000,131771.3438,403340
2016-04-28,138200,138200,129200,131800,130582.4141,1141055
2016-04-29,133600,136200,133200,135400,134149.1875,908665
2016-05-02,135800,136000,133400,135600,134347.3125,288895
2016-05-03,136400,136400,135000,135200,133951.0156,343900
2016-05-04,135800,136600,134000,136000,134743.625,697250
2016-05-09,139800,141000,137400,140000,138706.6875,925425
2016-05-10,141600,142800,139000,141400,140093.7188,532275
2016-05-11,140000,140400,138000,138600,137319.5938,441680
2016-05-12,139000,139400,135200,135200,133951.0156,338430
2016-05-13,135000,137400,133600,135400,134149.1875,462865
2016-05-16,134200,139000,134200,138400,137121.4531,322650
2016-05-17,138200,138800,137200,138800,137517.75,341630
2016-05-18,138800,139600,136400,139600,138310.375,875390
2016-05-19,137400,140200,137400,140200,138904.8125,251090
2016-05-20,141600,142000,136400,137600,136328.8438,382600
2016-05-23,138000,138000,134600,138000,136725.1563,288895
2016-05-24,138000,140600,137200,138800,137517.75,276200
2016-05-25,140200,141800,139000,140800,139499.2813,463225
2016-05-26,140800,141800,139800,140600,139301.1406,226115
2016-05-27,141000,141200,139000,140000,138706.6875,225070
2016-05-30,141000,142400,140400,142000,140688.2031,414260
2016-05-31,142000,144000,141200,144000,142669.7031,579335
2016-06-01,140000,140200,133200,137400,136130.6875,1681135
2016-06-02,138800,142600,138200,139400,138112.2031,509065
2016-06-03,140400,141600,139000,141400,140093.7188,438765
2016-06-07,145600,145800,141000,141400,140093.7188,498305
2016-06-08,141800,145000,141600,144400,143066.0313,556190
2016-06-09,146200,146600,142400,144000,142669.7031,672840
2016-06-10,146200,146600,143400,144000,142669.7031,475005
2016-06-13,142800,142800,137200,139400,138112.2031,800590
2016-06-14,137800,140400,135800,139400,138112.2031,654895
2016-06-15,140800,141800,138400,139400,138112.2031,352325
2016-06-16,138200,140200,138200,140200,138904.8125,299220
2016-06-17,140200,140400,137600,137800,136526.9844,367800
2016-06-20,139400,139400,136800,138400,137121.4531,307550
2016-06-21,138800,139600,137600,139400,138112.2031,307700
2016-06-22,139800,146000,139800,146000,144651.25,1005435
2016-06-23,146600,152000,146400,149400,148019.8281,1130610
2016-06-24,149000,151800,144200,147800,146434.625,867905
2016-06-27,145600,146000,141200,142000,140688.2031,1174480
2016-06-28,140200,143800,140000,143800,142471.5781,770085
2016-06-29,143000,144800,142600,142600,141282.6406,741970
2016-06-30,142000,143400,141400,142000,140688.2031,767665
2016-07-01,142600,144600,142600,142600,141282.6406,382845
2016-07-04,143200,145800,142400,145400,144056.7813,589185
2016-07-05,146000,151200,146000,150000,148614.2813,635330
2016-07-06,150000,150000,146000,149000,147623.5469,612230
2016-07-07,150400,154000,149600,150600,149208.75,342580
2016-07-08,150200,151200,149600,150000,148614.2813,368765
2016-07-11,149000,151600,148600,150800,149406.8906,541025
2016-07-12,151800,153600,149600,151000,149605.0469,635055
2016-07-13,152000,153600,149600,151600,150199.5,775750
2016-07-14,150200,150800,146800,146800,145443.8438,827050
2016-07-15,150000,150600,141200,143200,141877.125,1530420
2016-07-18,143400,143600,141200,142400,141084.5156,754640
2016-07-19,143600,144200,141400,143600,142273.4375,553990
2016-07-20,143000,143400,138200,139000,137715.9063,1009250
2016-07-21,139600,141200,139400,140800,139499.2813,541555
2016-07-22,141200,142400,140800,141000,139697.4375,451650
2016-07-25,141600,142800,141600,142000,140688.2031,257085
2016-07-26,142200,142800,140400,142000,140688.2031,289335
2016-07-27,142000,143600,142000,142400,141084.5156,293035
2016-07-28,143400,143800,141400,142000,140688.2031,491070
2016-07-29,142000,143400,141600,142000,140688.2031,531755
2016-08-01,142200,142600,135600,140200,138904.8125,729430
2016-08-02,140200,143000,139800,142600,141282.6406,244690
2016-08-03,142000,142600,140400,141000,139697.4375,248405
2016-08-04,142600,142800,140200,141400,140093.7188,256240
2016-08-05,142200,145000,141000,144600,143264.1719,275795
2016-08-08,145600,149800,145400,149800,148416.1406,584725
2016-08-09,150800,151400,150000,151000,149605.0469,844050
2016-08-10,153000,155200,151800,155000,153568.0781,802060
2016-08-11,155800,155800,153800,155600,154162.5469,381135
2016-08-12,155400,156800,155400,156400,154955.1719,255920
2016-08-16,156800,159600,156600,158000,156540.375,564675
2016-08-17,155000,158400,155000,158000,156540.375,349255
2016-08-18,158400,160200,158000,160200,158720.0625,462475
2016-08-19,161400,162200,159600,161000,159512.6719,686920
2016-08-22,160000,160600,158600,159000,157531.1406,400025
2016-08-23,160200,161600,159000,161200,159710.8281,347175
2016-08-24,161400,162800,160000,162400,160899.7656,359520
2016-08-25,162400,162400,160400,160800,159314.5313,484760
2016-08-26,159200,161800,159200,161000,159512.6719,375040
2016-08-29,161200,163800,160000,162000,160503.4375,420195
2016-08-30,162200,164200,161000,164200,162683.125,353120
2016-08-31,168600,170000,165400,169000,167438.7656,791335
2016-09-01,169000,169400,163800,165800,164268.3125,451520
2016-09-02,166600,167000,164400,166200,164664.6406,327965
2016-09-05,168400,171000,168400,170000,168429.5313,259000
2016-09-06,171600,175000,166600,168600,167042.4688,604535
2016-09-07,168600,174800,167600,174400,172788.875,436095
2016-09-08,173800,174400,170200,173800,172194.4219,391965
2016-09-09,170400,172000,168200,169400,167835.0781,416675
2016-09-12,167000,168600,166200,168000,166448.0156,347560
2016-09-13,170000,170200,166600,168200,166646.1719,348345
2016-09-19,170600,174000,169000,171200,169618.4375,586770
2016-09-20,171600,173400,167000,167200,165655.3906,547270
2016-09-21,167200,172800,167200,171000,169420.3125,543780
2016-09-22,173400,174800,171000,174600,172987.0469,561990
2016-09-23,176400,176400,172200,175600,173977.7969,370470
2016-09-26,175800,176800,173800,175200,173581.5156,210255
2016-09-27,175200,178000,173200,176800,175166.7031,403515
2016-09-28,177200,179000,176800,177400,175761.1563,273915
2016-09-29,178000,180600,177400,180000,178337.1563,385935
2016-09-30,177200,177600,171800,176600,174968.5625,862565
2016-10-04,176600,176800,170000,171600,170014.75,546000
2016-10-05,170600,175000,170200,173400,171798.1094,332615
2016-10-06,173800,174800,170400,172200,170609.2031,274215
2016-10-07,172000,172200,166800,168600,167042.4688,379640
2016-10-10,170600,176000,169600,174400,172788.875,346245
2016-10-11,177600,178800,170600,172400,170807.3594,350610
2016-10-12,174000,176000,172400,172800,171203.6563,320420
2016-10-13,171800,172600,165400,165400,163872.0469,480495
2016-10-14,166200,169800,166200,168800,167240.6094,281195
2016-10-17,168400,171400,166600,170200,168627.6719,388605
2016-10-18,170800,171600,167600,169200,167636.9219,405305
2016-10-19,168200,169000,164600,165800,164268.3125,428005
2016-10-20,166000,169000,165200,168800,167240.6094,580895
2016-10-21,167600,168000,165800,166200,164664.6406,302760
2016-10-24,165200,167200,165200,166600,165060.9531,676375
2016-10-25,165000,168600,165000,167400,165853.5625,433705
2016-10-26,165400,170400,165400,169600,168033.2188,355425
2016-10-27,172600,176600,170600,171800,170212.9063,891990
2016-10-28,174200,175200,171000,172000,170411.0625,402110
2016-10-31,171600,173200,169400,171400,169816.5938,331060
2016-11-01,172000,172000,166400,169400,167835.0781,1123265
2016-11-02,169800,170000,164600,165200,163673.8594,426830
2016-11-03,165200,165200,162400,162400,160899.7656,341725
2016-11-04,161600,162000,157000,157800,156342.2344,512375
2016-11-07,159600,165800,159000,164000,162484.9531,499495
2016-11-08,165800,167600,162200,163000,161494.2188,314520
2016-11-09,165200,165400,156800,161000,159512.6719,621875
2016-11-10,163200,163800,160200,161200,159710.8281,412645
2016-11-11,156200,158000,151400,152000,150595.8125,1071655
2016-11-14,152000,155800,149200,149200,147821.6875,697325
2016-11-15,149200,152400,147800,148800,147425.375,665320
2016-11-16,150200,151800,148200,150200,148812.4531,774980
2016-11-17,149600,151000,148600,149000,147623.5469,496945
2016-11-18,152000,154600,150000,154200,152775.5,722370
2016-11-21,154200,159800,151800,157200,155747.7813,736210
2016-11-22,157600,162600,157400,162000,160503.4375,526770
2016-11-23,159000,161800,158400,159000,157531.1406,377550
2016-11-24,157800,161000,156600,160400,158918.2188,351705
2016-11-25,162000,163400,160400,161000,159512.6719,623920
2016-11-28,160400,163000,158400,161600,160107.1406,380760
2016-11-29,160400,163000,160200,160200,158720.0625,283105
2016-11-30,160400,162000,157200,159600,158125.6094,842935
2016-12-01,158000,159600,152800,152800,151388.4375,519310
2016-12-02,155400,155400,150800,151000,149605.0469,399800
2016-12-05,149800,153800,148800,152800,151388.4375,410670
2016-12-06,154800,155600,150000,151200,149803.2031,492710
2016-12-07,151400,152400,149800,150000,148614.2813,264505
2016-12-08,151200,160800,151200,160800,159314.5313,674935
2016-12-09,160800,162800,159200,160000,158521.9219,411510
2016-12-12,160800,161600,157600,158400,156936.7031,302605
2016-12-13,158800,159000,156400,157200,155747.7813,303985
2016-12-14,158600,159200,156200,157000,155549.625,263835
2016-12-15,157000,158800,156800,157200,155747.7813,419820
2016-12-16,159400,161200,157800,161200,159710.8281,501105
2016-12-19,160200,161200,159200,160000,158521.9219,238945
2016-12-20,160000,160400,157000,157400,155945.9219,328070
2016-12-21,159000,159400,155800,155800,154360.7188,220970
2016-12-22,155800,157200,153400,154600,153171.8125,393385
2016-12-23,154200,155400,152400,153600,152181.0156,266875
2016-12-26,153200,154600,153000,153000,151586.5781,103325
2016-12-27,153200,154600,152600,154400,152973.6406,159810
2016-12-28,157000,157000,152600,152600,151412.0938,288685
2016-12-29,151600,155400,150800,155000,153793.3906,281620
2017-01-02,155600,157400,155000,155400,154190.2969,153885
2017-01-03,155400,155400,153400,153400,152205.8906,258830
2017-01-04,155000,162000,154200,162000,160738.9219,601795
2017-01-05,162000,162000,158200,158200,156968.5,343620
2017-01-06,158200,160200,157200,159800,158556.0469,251345
2017-01-09,158200,159800,155400,155800,154587.1875,383440
2017-01-10,157400,158600,155800,158400,157166.9531,236860
2017-01-11,157200,160400,157200,159200,157960.7188,243710
2017-01-12,159800,163000,159200,160400,159151.375,281945
2017-01-13,160400,161000,157400,158000,156770.0469,341155
2017-01-16,158400,160200,154800,158800,157563.8438,275210
2017-01-17,157400,159400,156400,159000,157762.2656,254710
2017-01-18,160000,160000,157400,157600,156373.1719,275880
2017-01-19,157400,161200,157400,160200,158952.9375,339055
2017-01-20,159400,159600,157000,157000,155777.8438,367175
2017-01-23,155600,155800,152600,154200,152999.6406,453340
2017-01-24,154200,154200,152000,152200,151015.2188,534400
2017-01-25,152600,153600,152000,152600,151412.0938,595025
2017-01-26,150200,152600,147200,150600,149427.6719,1372095
2017-01-31,150000,153400,148600,151600,150419.875,638050
2017-02-01,152200,154800,152000,154200,152999.6406,462705
2017-02-02,155200,156000,154000,154400,153198.0781,605250
2017-02-03,154000,155200,153400,154800,153594.9688,712070
2017-02-06,156200,156200,154400,155800,154587.1875,635145
2017-02-07,155600,160400,155000,160000,158754.5,675555
2017-02-08,159800,159800,158200,159000,157762.2656,388215
2017-02-09,157600,159200,156600,157400,156174.7188,510115
2017-02-10,159000,159000,157400,159000,157762.2656,337445
2017-02-13,160000,160600,157600,159000,157762.2656,296900
2017-02-14,157000,158000,153200,154000,152801.2031,599535
2017-02-15,153800,155400,153600,154600,153396.5469,332175
2017-02-16,154000,155400,153800,155400,154190.2969,369105
2017-02-17,154600,157000,154400,156000,154785.6406,521705
2017-02-20,154600,156800,154400,156200,154984.0469,375210
2017-02-21,155600,158600,155200,158000,156770.0469,577870
2017-02-22,157600,160000,157200,159400,158159.1563,536860
2017-02-23,161000,163000,160800,161600,160342.0469,484775
2017-02-24,160600,161400,158600,160600,159349.8125,385865
2017-02-27,160000,161400,158400,159200,157960.7188,169475
2017-02-28,158800,160000,155200,155200,153991.8594,486990
2017-03-02,159800,163800,158000,163000,161731.1563,754810
2017-03-03,163200,167800,158800,161800,160540.4844,491510
2017-03-06,162000,163400,159000,160000,158754.5,289975
2017-03-07,160000,161200,158800,159800,158556.0469,241580
2017-03-08,159600,161400,158200,160000,158754.5,281890
2017-03-09,160200,161200,157800,157800,156571.6094,378925
2017-03-10,157800,160400,156600,160000,158754.5,244535
2017-03-13,160000,166600,159800,165200,163914,417320
2017-03-14,165400,166600,162200,163000,161731.1563,472435
2017-03-15,163400,165200,162000,164000,162723.3438,203935
2017-03-16,166800,167000,163400,163800,162524.9063,266575
2017-03-17,165000,166600,163800,165400,164112.4688,295345
2017-03-20,166000,166000,162000,163600,162326.4688,296465
2017-03-21,165600,174400,165000,174200,172843.9375,750975
2017-03-22,174000,174200,169200,169800,168478.2188,396060
2017-03-23,172000,174400,170200,172800,171454.8438,400310
2017-03-24,172800,176000,172800,174400,173042.3906,278930
2017-03-27,173000,178400,173000,177000,175622.1563,302295
2017-03-28,177000,177200,170200,170600,169271.9844,412375
2017-03-29,171800,173000,170800,172800,171454.8438,293580
2017-03-30,173000,174800,171200,172200,170859.5156,285375
2017-03-31,172200,174000,170800,171000,169668.875,250130
2017-04-03,171000,175600,168600,174600,173240.8438,274420
2017-04-04,173600,173800,169200,170000,168676.6406,297970
2017-04-05,171400,171800,167000,168600,167287.5469,498370
2017-04-06,167600,168000,165200,168000,166692.2188,360515
2017-04-07,167400,168400,165000,165600,164310.9063,288355
2017-04-10,164600,165600,162200,163600,162326.4688,357030
2017-04-11,162000,162200,153400,154000,152801.2031,1315330
2017-04-12,154600,155400,151400,153600,152404.2969,1027245
2017-04-13,154600,160600,154000,160400,159151.375,865200
2017-04-14,159600,162200,157200,157400,156174.7188,298945
2017-04-17,156000,158600,154600,157000,155777.8438,277915
2017-04-18,158200,158200,155400,155600,154388.7344,271110
2017-04-19,155600,157000,155400,155400,154190.2969,414170
2017-04-20,157000,160000,156200,159200,157960.7188,491485
2017-04-21,160200,162600,159200,162600,161334.25,429565
2017-04-24,162200,162600,161000,162000,160738.9219,434330
2017-04-25,163000,163000,160600,163000,161731.1563,756755
2017-04-26,163000,163200,160800,161400,160143.5938,805525
2017-04-27,159200,160000,157000,158200,156968.5,845670
2017-04-28,158200,160600,158200,160000,158754.5,562865
2017-05-02,160000,161400,158000,160200,158952.9375,543710
2017-05-04,161200,164600,160600,164600,163318.6719,440910
2017-05-08,164600,169000,163000,169000,167684.4219,669455
2017-05-10,171800,175600,164600,164800,163517.125,705380
2017-05-11,168200,173200,167400,173200,171851.7344,874490
2017-05-12,172800,173000,168400,169600,168279.75,382985
2017-05-15,170600,170800,166800,167800,166493.7656,237630
2017-05-16,167800,170000,166000,167800,166493.7656,274785
2017-05-17,167000,167600,165800,166400,165104.6563,366720
2017-05-18,165800,166400,163400,164800,163517.125,294995
2017-05-19,164400,166600,164400,166400,165104.6563,625785
2017-05-22,169600,169600,166800,169400,168081.3281,350695
2017-05-23,169200,170000,167600,168400,167089.0938,372980
2017-05-24,170000,171000,168400,170400,169073.5313,458045
2017-05-25,171000,171600,169600,170400,169073.5313,334035
2017-05-26,172000,172600,170800,171000,169668.875,308290
2017-05-29,172000,172800,170400,171200,169867.2969,227025
2017-05-30,171200,171800,169000,170400,169073.5313,335805
2017-05-31,169800,172800,168600,169000,167684.4219,477640
2017-06-01,170000,172000,168400,168400,167089.0938,275535
2017-06-02,168600,172800,168600,172800,171454.8438,343200
2017-06-05,170800,177400,170800,175200,173836.1875,521740
2017-06-07,175200,177600,174200,175200,173836.1875,420540
2017-06-08,177000,178600,175400,178000,176614.375,525280
2017-06-09,179000,195000,178800,192000,190505.375,917310
2017-06-12,185200,186600,179000,179000,177606.5938,991915
2017-06-13,179000,183800,178200,179000,177606.5938,563110
2017-06-14,179600,182800,175000,176600,175225.2656,665990
2017-06-15,176000,179200,175800,177000,175622.1563,384370
2017-06-16,177800,178400,174600,178400,177011.2656,483825
2017-06-19,177400,179600,175200,175600,174233.0469,317660
2017-06-20,178400,178600,172800,173200,171851.7344,419665
2017-06-21,171400,176200,166400,176000,174629.9375,488765
2017-06-22,175600,177600,174200,176000,174629.9375,296625
2017-06-23,176800,179200,175000,177400,176019.0313,308105
2017-06-26,178200,180600,176200,177600,176217.5,294740
2017-06-27,178000,180400,173200,173800,172447.0625,3431730
2017-06-28,171600,173000,170200,172200,170859.5156,506555
2017-06-29,172800,173600,170200,170600,169271.9844,360930
2017-06-30,169000,170000,167000,167600,166295.3125,559895
2017-07-03,168800,170000,166600,168800,167485.9844,320725
2017-07-04,168000,169400,167400,168000,166692.2188,224630
2017-07-05,167400,168000,166200,167000,165700,325600
2017-07-06,166800,167000,163600,165000,163715.5781,541180
2017-07-07,165000,168200,164400,167600,166295.3125,465745
2017-07-10,165800,166800,162600,162600,161334.25,471615
2017-07-11,162600,167000,162600,166000,164707.7813,413570
2017-07-12,166200,167800,163000,164200,162921.8125,354560
2017-07-13,163400,167400,163400,166000,164707.7813,459420
2017-07-14,165800,167800,165200,167800,166493.7656,493310
2017-07-17,168000,168800,167000,167800,166493.7656,424760
2017-07-18,168200,168800,165200,166000,164707.7813,316460
2017-07-19,166200,168400,166000,167000,165700,347190
2017-07-20,166600,168400,165400,167000,165700,318190
2017-07-21,166400,168000,166400,167800,166493.7656,303995
2017-07-24,167400,167600,164200,166600,165303.125,342805
2017-07-25,166800,167600,164800,167400,166096.8906,329950
2017-07-26,168000,168200,163800,165000,163715.5781,411715
2017-07-27,164000,165800,163800,165000,163715.5781,352395
2017-07-28,164200,164800,159800,159800,158556.0469,629375
2017-07-31,159800,161600,157200,160600,159349.8125,438425
2017-08-01,158800,160400,158000,159200,157960.7188,414640
2017-08-02,158400,160000,158200,159000,157762.2656,418455
2017-08-03,158800,159600,155000,155600,154388.7344,674650
2017-08-04,155800,157000,155200,155200,153991.8594,336765
2017-08-07,155400,160600,153600,159200,157960.7188,744615
2017-08-08,160200,163200,160000,162000,160738.9219,520245
2017-08-09,159600,161400,159400,159600,158357.6094,259865
2017-08-10,158800,160400,158200,158800,157563.8438,367510
2017-08-11,156200,159600,156000,159000,157762.2656,269710
2017-08-14,161400,161400,155200,155800,154587.1875,396985
2017-08-16,156000,158000,155800,157400,156174.7188,349085
2017-08-17,156200,157200,155200,155400,154190.2969,367040
2017-08-18,154600,157000,154600,156800,155579.3906,263105
2017-08-21,156800,157000,155000,156200,154984.0469,202420
2017-08-22,156200,156200,152600,153400,152205.8906,1149490
2017-08-23,154400,156200,154000,154600,153396.5469,485075
2017-08-24,154000,154800,153200,154200,152999.6406,584980
2017-08-25,154200,157400,154200,156000,154785.6406,413035
2017-08-28,156200,158600,155800,156600,155380.9531,545185
2017-08-29,155800,156000,153400,155600,154388.7344,528455
2017-08-30,155600,156600,154200,154800,153594.9688,564995
2017-08-31,153800,154000,150200,151000,149824.5469,991250
2017-09-01,151400,152200,149000,149200,148038.5625,732700
2017-09-04,144800,146800,144800,145200,144069.7031,702385
2017-09-05,145600,148400,145400,147200,146054.125,487885
2017-09-06,145800,147800,145000,147400,146252.5781,401195
2017-09-07,147200,147400,146000,146000,144863.4844,340875
2017-09-08,145000,146600,144800,145400,144268.1406,354400
2017-09-11,145400,145400,143400,144000,142879.0313,377585
2017-09-12,144600,148400,143600,147000,145855.6875,415155
2017-09-13,146600,147000,145000,145800,144665.0156,371380
2017-09-14,146000,153800,145800,153000,151808.9844,1132945
2017-09-15,152800,152800,150400,152000,150816.7656,496310
2017-09-18,152400,157200,152200,156200,154984.0469,614480
2017-09-19,155000,155400,152800,154000,152801.2031,369870
2017-09-20,154800,157400,153400,156600,155380.9531,431835
2017-09-21,155400,156200,152000,152600,151412.0938,338785
2017-09-25,152000,152600,149800,150800,149626.0938,369320
2017-09-26,150800,150800,150800,150800,149626.0938,0
2017-09-27,150000,150400,146800,146800,145657.2344,460270
2017-09-28,146000,149000,146000,146600,145458.8125,543805
2017-09-29,146600,149800,146600,149000,147840.1406,263995
2017-10-10,149400,154000,148800,151200,150022.9844,822795
2017-10-11,150200,151000,149200,150200,149030.7813,296145
2017-10-12,150200,154400,150200,153600,152404.2969,572635
2017-10-13,153600,153600,151600,152400,151213.6406,365215
2017-10-16,152800,153400,151800,152400,151213.6406,326530
2017-10-17,153400,154400,152800,153600,152404.2969,464470
2017-10-18,153600,163400,153600,163000,161731.1563,1098155
2017-10-19,163600,165200,161000,162200,160937.3594,896165
2017-10-20,163600,164600,158400,160200,158952.9375,515455
2017-10-23,161200,162400,158600,159800,158556.0469,324350
2017-10-24,159400,162000,159000,160200,158952.9375,277285
2017-10-25,160000,162200,159000,160800,159548.2656,466290
2017-10-26,168800,170800,166000,168000,166692.2188,1711705
2017-10-27,172000,175800,172000,175800,174431.5,1183225
2017-10-30,177400,179800,174000,175200,173836.1875,528590
2017-10-31,175000,179200,173600,178800,177408.1563,655095
2017-11-01,174000,175800,170600,172000,170661.0781,1160390
2017-11-02,172000,174600,171000,171200,169867.2969,352770
2017-11-03,170400,173600,170000,172600,171256.3906,314870
2017-11-06,172000,174800,171000,172200,170859.5156,322075
2017-11-07,174400,174400,170000,172000,170661.0781,422140
2017-11-08,170800,171200,168400,169800,168478.2188,513455
2017-11-09,168600,168800,164800,165000,163715.5781,883010
2017-11-10,164400,166000,161400,162800,161532.7031,786245
2017-11-13,162200,164800,161400,163800,162524.9063,470865
2017-11-14,164400,164400,160400,161000,159746.7031,592160
2017-11-15,161000,161600,158400,161000,159746.7031,455915
2017-11-16,null,null,null,null,null,null
2017-11-17,161400,164400,160400,161000,159746.7031,726375
2017-11-20,161600,161800,159200,160200,158952.9375,429465
2017-11-21,160400,162000,159600,161600,160342.0469,398410
2017-11-22,162800,163000,159600,160200,158952.9375,477160
2017-11-23,null,null,null,null,null,null
2017-11-24,160000,162400,159400,162000,160738.9219,341275
2017-11-27,161600,161800,157600,159000,157762.2656,586930
2017-11-28,159800,162200,159200,161400,160143.5938,476860
2017-11-29,161000,162800,160400,162400,161135.8281,459090
2017-11-30,162200,162200,160000,160000,158754.5,786660
2017-12-01,161800,166600,160200,166200,164906.2344,766425
2017-12-04,167400,169600,165600,167800,166493.7656,680135
2017-12-05,168000,168600,166200,166600,165303.125,320020
2017-12-06,166600,166800,164800,165200,163914,345995
2017-12-07,166800,169600,165800,167400,166096.8906,775000
2017-12-08,167000,167600,164200,166000,164707.7813,294465
2017-12-11,166000,167000,164000,165200,163914,288000
2017-12-12,164400,169000,164400,165600,164310.9063,365095
2017-12-13,165800,168400,164800,168200,166890.6719,358000
2017-12-14,168400,169800,167000,167000,165700,715485
2017-12-15,168200,168800,167400,168800,167485.9844,455680
2017-12-18,168800,173000,168000,172000,170661.0781,590485
2017-12-19,172600,174000,170000,171000,169668.875,398335
2017-12-21,169800,170600,166800,168400,167089.0938,413485
2017-12-22,170000,172800,168600,172400,171057.9688,437290
2017-12-26,173000,176000,171800,174800,173439.2813,519025
2017-12-27,174400,175600,173200,175400,174323.0156,286780
2017-12-28,176000,176200,172000,174000,172931.6094,326850
2018-01-02,null,null,null,null,null,null
2018-01-03,175200,176800,172800,174200,173130.375,423950
2018-01-04,175800,179400,174600,178600,177503.3594,650560
2018-01-05,178600,183600,176000,181600,180484.9688,684055
2018-01-08,183000,190600,181600,190000,188833.375,981690
2018-01-09,188800,190400,186600,188800,187640.7344,390135
2018-01-10,188600,195000,185400,185600,184460.375,600485
2018-01-11,185600,186800,181800,183400,182273.9063,469270
2018-01-12,184000,186000,180200,181800,180683.7188,447070
2018-01-15,183400,185000,182200,184200,183068.9844,296000
2018-01-16,183800,184800,178600,180600,179491.0781,476510
2018-01-17,180600,181200,177600,177600,176509.5156,535130
2018-01-18,178600,181200,178600,180600,179491.0781,451540
2018-01-19,181000,181400,176000,176200,175118.1094,502825
2018-01-22,176800,178600,176400,178600,177503.3594,377715
2018-01-23,179800,179800,176800,177800,176708.2813,402375
2018-01-24,177800,177800,174000,175600,174521.7813,590605
2018-01-25,175600,184400,173400,182600,181478.8125,845950
2018-01-26,182600,185800,182000,185400,184261.625,556845
2018-01-29,184600,189600,184400,186400,185255.4688,514580
2018-01-30,185600,190000,184600,186200,185056.7031,510590
2018-01-31,186600,189000,182000,182000,180882.4844,625920
2018-02-01,182000,186400,181800,184600,183466.5313,403035
2018-02-02,186000,186400,180400,181000,179888.6406,410755
2018-02-05,181000,181000,175400,175800,174720.5781,484835
2018-02-06,172800,175600,167600,170200,169154.9375,772695
2018-02-07,174000,174400,168000,168600,167564.7813,478815
2018-02-08,172000,172000,168400,168600,167564.7813,514750
2018-02-09,163400,166000,161200,161600,160607.75,790350
2018-02-12,163400,163400,159600,160000,159017.5781,953715
2018-02-13,162600,164400,160600,161000,160011.4375,685125
2018-02-14,162400,163800,161600,162200,161204.0625,370820
2018-02-19,166000,166000,163000,164000,162993,416685
2018-02-20,163600,163600,160800,161400,160408.9844,336005
2018-02-21,162000,167200,161800,166600,165577.0469,707840
2018-02-22,166200,167400,163800,165400,164384.4219,361210
2018-02-23,166200,168400,164000,165800,164781.9531,354320
2018-02-26,166800,166800,161600,162000,161005.2969,635640
2018-02-27,162000,162600,160200,160800,159812.6563,714890
2018-02-28,161600,163600,160400,160600,159613.8906,1951325
2018-03-02,158800,160000,154400,157200,156234.7656,1086525
2018-03-05,157200,158000,155800,155800,154843.3594,395610
2018-03-06,157200,160000,156400,159200,158222.5,390060
2018-03-07,160800,161000,158200,159000,158023.7188,360550
2018-03-08,159600,159800,158200,159800,158818.8125,396090
2018-03-09,160600,162800,159400,160400,159415.125,429025
2018-03-12,161600,163000,160800,161200,160210.2031,345055
2018-03-13,161200,165200,160600,164000,162993,606115
2018-03-14,162600,162800,160200,161800,160806.5313,376640
2018-03-15,162600,164800,161400,164000,162993,341525
2018-03-16,163200,163400,159400,160200,159216.3438,717990
2018-03-19,160200,160400,156400,157000,156036,600070
2018-03-20,155400,159200,154800,159000,158023.7188,441955
2018-03-21,159000,159600,158400,158800,157824.9375,424565
2018-03-22,159800,161000,159600,160600,159613.8906,336730
2018-03-23,157600,158400,156000,156600,155638.4531,489340
2018-03-26,155600,158000,155400,157800,156831.0938,276195
2018-03-27,160000,160000,157200,157800,156831.0938,283160
2018-03-28,157400,158600,155400,156800,155837.2188,262300
2018-03-29,156800,158000,155600,157200,156234.7656,337800
2018-03-30,158800,159800,157200,158400,157427.4063,288805
2018-04-02,156600,158400,156400,157000,156036,398100
2018-04-03,159600,159800,156000,157000,156036,341015
2018-04-04,156400,157200,149400,150800,149874.0625,829645
2018-04-05,152800,155800,152400,155800,154843.3594,472310
2018-04-06,155200,156400,153200,154000,153054.4219,384070
2018-04-09,153800,154800,152800,154800,153849.5,290395
2018-04-10,154200,156600,153800,155000,154048.2656,395640
2018-04-11,154400,156200,153800,154200,153253.1875,308250
2018-04-12,153800,154200,151000,151400,150470.375,559025
2018-04-13,151600,153200,150600,152800,151861.7969,341355
2018-04-16,153000,153000,150000,150200,149277.7656,392100
2018-04-17,150800,151600,149000,149600,148681.4375,442125
2018-04-18,150200,151600,150000,150400,149476.5156,416345
2018-04-19,148400,149600,146800,147600,146693.7188,622595
2018-04-20,147600,149000,145200,145600,144706,479485
2018-04-23,145400,147600,145400,147000,146097.4063,312160
2018-04-24,147000,147000,144400,145000,144109.6719,497990
2018-04-25,145200,150200,144800,148600,147687.5625,618915
2018-04-26,146400,149200,145000,145000,144109.6719,1071125
2018-04-27,145000,145400,142400,143200,142320.7344,1049185
2018-04-30,144200,144200,142400,143200,142320.7344,398655
2018-05-02,145200,147800,144800,147600,146693.7188,509325
2018-05-03,147800,149000,145200,145400,144507.2188,316640
2018-05-04,145000,147000,143400,143400,142519.5,511785
2018-05-08,145400,147600,144200,146200,145302.3125,487275
2018-05-09,146000,148000,144600,145400,144507.2188,475655
2018-05-10,146000,147000,143600,144000,143115.8125,416805
2018-05-11,144200,145800,142800,143400,142519.5,547725
2018-05-14,144000,144400,142800,143400,142519.5,288745
2018-05-15,142800,143600,142200,142200,141326.875,399725
2018-05-16,142400,143000,139600,140000,139140.3906,620065
2018-05-17,140000,140600,139400,139400,138544.0625,461815
2018-05-18,139400,140000,136800,137600,136755.1094,565205
2018-05-21,137200,138000,135200,136400,135562.4844,505590
2018-05-23,136000,137600,135400,136800,135960.0313,430280
2018-05-24,136400,137000,135600,136000,135164.9375,222435
2018-05-25,137000,138800,136400,137000,136158.7969,378775
2018-05-28,137000,137400,135800,136000,135164.9375,270430
2018-05-29,135800,136000,133400,133600,132779.6875,467685
2018-05-30,133400,134000,129600,130400,129599.3281,669825
2018-05-31,132000,134200,130800,133800,132978.4375,1050965
2018-06-01,134800,137200,134400,136000,135164.9375,457305
2018-06-04,136200,137400,134200,134600,133773.5313,409355
2018-06-05,135600,136000,132800,134800,133972.3281,335760
2018-06-07,135000,136400,134800,136000,135164.9375,390905
2018-06-08,136000,141600,136000,140200,139339.1563,941455
2018-06-11,140200,142400,139000,142200,141326.875,689250
2018-06-12,142400,143800,140800,143400,142519.5,621335
2018-06-14,143800,145000,141000,141400,140531.7813,794555
2018-06-15,141000,141200,137400,138000,137152.6719,701510
2018-06-18,138000,139000,137200,138800,137947.7344,529295
2018-06-19,138000,138800,137600,137600,136755.1094,551610
2018-06-20,137800,138400,137400,137800,136953.8906,532395
2018-06-21,137000,140600,136800,139800,138941.6094,589410
2018-06-22,138000,144800,138000,144600,143712.125,801570
2018-06-25,145600,150000,145400,149600,148681.4375,1276330
2018-06-26,148400,149200,146000,147000,146097.4063,537640
2018-06-27,149400,149600,147800,147800,146892.4688,436380
2018-06-28,147600,150200,145200,149400,148482.6563,682685
2018-06-29,150000,152800,149600,152600,151663.0156,779575
2018-07-02,153000,153000,149000,150200,149277.7656,539590
2018-07-03,151800,152600,148600,149400,148482.6563,431525
2018-07-04,153800,155800,152000,153600,152656.8594,899695
2018-07-05,151200,153800,151200,153000,152060.5469,286595
2018-07-06,151000,151600,149200,149800,148880.2031,409335
2018-07-09,149800,155800,149600,151000,150072.8438,471880
2018-07-10,151400,153600,151200,152000,151066.7031,375645
2018-07-11,152600,154200,151400,153800,152855.6563,434425
2018-07-12,155000,156400,152800,156400,155439.6875,479835
2018-07-13,156000,156400,153000,154200,153253.1875,379850
2018-07-16,154200,154600,153400,154200,153253.1875,288625
2018-07-17,153800,153800,151000,151800,150867.9219,264885
2018-07-18,152400,154200,151800,152800,151861.7969,158810
2018-07-19,154400,156000,152600,153000,152060.5469,252110
2018-07-20,153000,154400,151000,154000,153054.4219,252245
2018-07-23,154200,155400,153000,154800,153849.5,407150
2018-07-24,155000,155200,148400,149000,148085.125,422515
2018-07-25,151800,151800,148400,149200,148283.8906,472905
2018-07-26,150400,152200,143200,150200,149277.7656,1121260
2018-07-27,147000,150200,146600,150200,149277.7656,569095
2018-07-30,149400,149600,145200,146000,145103.5313,543330
2018-07-31,145200,145600,142400,143200,142320.7344,618420
2018-08-01,143600,145600,143000,145600,144706,514795
2018-08-02,145600,147600,144200,145600,144706,404885
2018-08-03,144600,146200,144200,146200,145302.3125,534385
2018-08-06,146600,149600,146200,147000,146097.4063,303035
2018-08-07,148400,150800,147200,148800,147886.3594,324185
2018-08-08,148400,151200,148400,150000,149078.9688,312410
2018-08-09,150600,155800,149000,155800,154843.3594,665170
2018-08-10,155400,156400,154000,154200,153253.1875,345420
2018-08-13,153400,153400,150000,151000,150072.8438,418340
2018-08-14,152000,153400,150800,151400,150470.375,308015
2018-08-16,150000,152600,149000,150000,149078.9688,570495
2018-08-17,150800,153600,149600,151000,150072.8438,193900
2018-08-20,152800,153200,150600,151000,150072.8438,194680
2018-08-21,150800,152200,149400,149400,148482.6563,241605
2018-08-22,149400,149600,148200,149400,148482.6563,239675
2018-08-23,151000,154600,150400,154400,153451.9531,495420
2018-08-24,154200,155800,151000,151600,150669.1563,271300
2018-08-27,152600,155000,152000,153800,152855.6563,223740
2018-08-28,154400,154400,150600,151200,150271.6094,233335
2018-08-29,151200,152000,149600,149600,148681.4375,274750
2018-08-30,149600,151400,149000,149200,148283.8906,238975
2018-08-31,149400,151200,149200,150400,149476.5156,289765
2018-09-03,150600,151000,149400,150800,149874.0625,156035
2018-09-04,151400,151400,149800,151000,150072.8438,187280
2018-09-05,150600,150600,145400,147200,146296.1563,591425
2018-09-06,147200,148000,145400,146000,145103.5313,352455
2018-09-07,146400,147000,144400,146400,145501.0781,322865
2018-09-10,144000,146400,144000,145000,144109.6719,359830
2018-09-11,144600,146200,144400,145200,144308.4531,292970
2018-09-12,146000,146800,145200,146000,145103.5313,291080
2018-09-13,147000,147000,144600,144600,143712.125,514055
2018-09-14,145200,146600,144800,146000,145103.5313,365840
2018-09-17,145000,146200,144600,145600,144706,269755
2018-09-18,144000,145800,144000,145000,144109.6719,277260
2018-09-19,145200,146800,145000,146200,145302.3125,276430
2018-09-20,144400,146800,144400,146200,145302.3125,287195
2018-09-21,148200,148600,144600,145000,144109.6719,375655
2018-09-27,143000,146000,142400,142600,141724.4063,390075
2018-09-28,143400,143800,142600,143200,142320.7344,487325
2018-10-01,143600,144400,142200,142600,141724.4063,211085
2018-10-02,143000,143000,137200,137800,136953.8906,744920
2018-10-04,140000,140400,137000,139000,138146.5156,353485
2018-10-05,136400,143200,136400,140800,139935.4688,427980
2018-10-08,140800,140800,140800,140800,139935.4688,0
2018-10-10,140800,140800,140800,140800,139935.4688,0
2018-10-11,140800,140800,140800,140800,139935.4688,0
2018-10-12,138000,142000,132500,142000,141128.0938,654013
2018-10-15,138500,139000,135000,136000,135164.9375,642772
2018-10-16,137500,138500,130000,133500,132680.2969,575704
2018-10-17,132500,134500,129500,130000,129201.7813,5304519
2018-10-18,128000,128000,123500,125000,124232.4844,880738
2018-10-19,124500,127500,124000,127500,126717.1328,1114452
2018-10-22,127500,130000,125500,129000,128207.9141,324730
2018-10-23,129000,130000,123500,125500,124729.4141,822259
2018-10-24,127500,129000,124500,127000,126220.2031,679196
2018-10-25,120500,121000,114000,119000,118269.3281,1529110
2018-10-26,119000,119000,110000,113000,112306.1563,1544405
2018-10-29,112500,113500,109000,109500,108827.6563,649910
2018-10-30,108000,112000,104000,110500,109821.5078,939865
2018-10-31,110500,115000,108500,114500,113796.9531,1016429
2018-11-01,113500,116500,110500,111500,110815.375,805655
2018-11-02,111500,118500,111500,116500,115784.6719,1320415
2018-11-05,115000,115500,111500,113500,112803.0938,442640
2018-11-06,114000,117500,113500,117000,116281.6016,453810
2018-11-07,117500,119000,113500,115500,114790.8125,385827
2018-11-08,118000,120000,115500,116500,115784.6719,404191
2018-11-09,115000,118000,115000,115000,114293.8828,295733
2018-11-12,114500,116500,114500,115000,114293.8828,260849
2018-11-13,115500,117500,114000,116000,115287.75,435937
2018-11-14,115500,116500,114000,115500,114790.8125,335405
2018-11-15,null,null,null,null,null,null
2018-11-16,113500,114500,111500,112500,111809.2344,872059
2018-11-19,113000,114000,110500,111500,110815.375,697289
2018-11-20,110000,112000,107000,108000,107336.8672,693868
2018-11-21,105500,107000,104500,106500,105846.0781,525328
2018-11-22,107000,111500,107000,109500,108827.6563,504744
2018-11-23,110000,115500,109500,114000,113300.0234,691736
2018-11-26,115000,124500,114500,124000,123238.6172,805023
2018-11-27,124000,129500,122500,125000,124232.4844,637199
2018-11-28,128500,130500,126500,129000,128207.9141,645902
2018-11-29,133000,134000,129000,130500,129698.7109,559552
2018-11-30,131000,131000,126000,126500,125723.2656,801837
2018-12-03,130500,130500,125000,126000,125226.3438,486166
2018-12-04,127500,127500,122500,123500,122741.6953,512742
2018-12-05,124500,127000,123000,125000,124232.4844,308805
2018-12-06,123000,124000,119500,120000,119263.1875,445309
2018-12-07,121500,123500,119500,121000,120257.0391,565663
2018-12-10,119000,121500,117500,119000,118269.3281,376421
2018-12-11,120000,123500,117500,123000,122244.7656,506349
2018-12-12,124000,126000,122500,124500,123735.5469,490812
2018-12-13,125500,125500,123000,124000,123238.6172,972556
2018-12-14,123500,124000,121500,123500,122741.6953,259268
2018-12-17,124000,124000,120500,122000,121250.8984,294847
2018-12-18,120500,124000,120000,122000,121250.8984,342972
2018-12-19,123000,128500,122500,127500,126717.1328,385472
2018-12-20,125500,128000,123500,127000,126220.2031,364624
2018-12-21,127000,127000,121000,121500,120753.9766,507653
2018-12-24,122000,124500,121000,123000,122244.7656,278884
2018-12-26,121000,122000,117500,119000,118269.3281,275517
2018-12-27,120500,123000,118500,122500,122069.9297,371637
2018-12-28,122500,123000,120500,122000,121571.6797,322665
2019-01-02,121000,122000,117000,118000,117585.7344,356120
2019-01-03,120000,125000,119000,122000,121571.6797,525020
2019-01-04,123500,126000,122500,125500,125059.3984,520785
2019-01-07,128000,132500,127000,131500,131038.3359,502619
2019-01-08,132000,134000,129000,130000,129543.5938,376127
2019-01-09,131000,134500,129500,133000,132533.0625,381372
2019-01-10,132000,134500,130000,131000,130540.0859,293112
2019-01-11,133000,134500,130500,131000,130540.0859,322925
2019-01-14,130000,130500,125000,127000,126554.1328,525411
2019-01-15,127500,132500,127500,132500,132034.8125,335999
2019-01-16,132500,135000,131000,132500,132034.8125,272719
2019-01-17,131500,138000,131500,136000,135522.5313,407099
2019-01-18,137000,138500,136500,137500,137017.2656,328761
2019-01-21,138000,138000,131000,131000,130540.0859,457161
2019-01-22,128500,130500,126500,130000,129543.5938,502285
2019-01-23,130000,134500,130000,132500,132034.8125,259375
2019-01-24,131000,132500,127500,129500,129045.3594,562335
2019-01-25,127500,131000,127000,130000,129543.5938,281650
2019-01-28,129500,132500,129500,132000,131536.5781,283360
2019-01-29,130000,136500,130000,136000,135522.5313,411369
2019-01-30,139000,139500,133000,136000,135522.5313,462280
2019-01-31,138000,143500,136000,136000,135522.5313,1054276
2019-02-01,138000,140000,133000,133500,133031.3125,530284
2019-02-07,132000,134000,128500,129000,128547.1094,737938
2019-02-08,126500,129000,124500,126000,125557.6406,704393
2019-02-11,127000,128500,125000,125500,125059.3984,801465
2019-02-12,123500,124000,121500,123500,123066.4219,1160217
2019-02-13,123500,126500,123500,125000,124561.1563,373571
2019-02-14,125000,130500,125000,127500,127052.375,700427
2019-02-15,128500,131000,127500,127500,127052.375,420100
2019-02-18,129500,131000,125500,127000,126554.1328,533191
2019-02-19,127000,128000,125500,126500,126055.8828,218351
2019-02-20,126500,128000,125500,127000,126554.1328,231753
2019-02-21,126500,130000,126500,129000,128547.1094,347083
2019-02-22,129500,129500,125000,127000,126554.1328,301395
2019-02-25,127000,128500,125500,126000,125557.6406,338113
2019-02-26,126500,134000,126000,131500,131038.3359,591643
2019-02-27,132000,134000,129000,129500,129045.3594,322664
2019-02-28,130500,136000,130000,133000,132533.0625,584183
2019-03-04,135000,139500,134000,138000,137515.5156,743644
2019-03-05,140000,140000,135000,135500,135024.2969,387063
2019-03-06,136500,139000,134500,137500,137017.2656,403724
2019-03-07,139500,139500,136500,138500,138013.7656,254573
2019-03-08,135500,136000,131500,133000,132533.0625,304114
2019-03-11,131500,133500,131000,133500,133031.3125,151479
2019-03-12,135000,135500,129500,130500,130041.8438,367651
2019-03-13,129500,132000,128000,130500,130041.8438,268047
2019-03-14,132500,133500,129000,131000,130540.0859,554454
2019-03-15,131000,132000,129500,130500,130041.8438,907507
2019-03-18,131500,133500,131000,132000,131536.5781,248810
2019-03-19,132000,132500,130000,130500,130041.8438,200830
2019-03-20,130000,131000,126500,128500,128048.8672,371499
2019-03-21,128500,131000,127000,128000,127550.625,399492
2019-03-22,127000,129500,126000,127000,126554.1328,379311
2019-03-25,126000,128000,125000,126000,125557.6406,279179
2019-03-26,125500,127000,125000,126500,126055.8828,452377
2019-03-27,126000,126000,122000,123000,122568.1719,429156
2019-03-28,122500,123000,120500,122000,121571.6797,449545
2019-03-29,121500,124500,121500,124000,123564.6641,421477
2019-04-01,124000,125500,123500,124000,123564.6641,367014
2019-04-02,124500,125500,123500,124500,124062.9063,471744
2019-04-03,123000,123500,121000,122000,121571.6797,958364
2019-04-04,122500,123500,121500,122500,122069.9297,361821
2019-04-05,122500,123500,122000,123000,122568.1719,365838
2019-04-08,122500,123000,121000,121500,121073.4453,393376
2019-04-09,121500,122500,121000,121500,121073.4453,423498
2019-04-10,121500,122500,121000,122000,121571.6797,459206
2019-04-11,121500,123000,121000,121500,121073.4453,615217
2019-04-12,121500,122000,119500,119500,119080.4609,953216
2019-04-15,119000,120000,118000,119500,119080.4609,596131
2019-04-16,119500,120500,119000,119500,119080.4609,973625
2019-04-17,120000,120000,119000,119500,119080.4609,639441
2019-04-18,119000,120000,117000,118000,117585.7344,776721
2019-04-19,119000,119000,117500,118000,117585.7344,247009
2019-04-22,118000,119500,117500,118000,117585.7344,531346
2019-04-23,119000,121000,119000,120500,120076.9531,815629
2019-04-24,122000,122500,119500,121000,120575.1953,906235
2019-04-25,122000,122000,120000,120500,120076.9531,720472
2019-04-26,120000,120500,117500,118000,117585.7344,544042
2019-04-29,118500,120000,117000,120000,119578.7109,429353
2019-04-30,119000,120000,117500,119500,119080.4609,569162
2019-05-02,119000,124000,118500,122000,121571.6797,691901
2019-05-03,122000,124500,121500,124000,123564.6641,705503
2019-05-07,122000,125500,121500,124000,123564.6641,696627
2019-05-08,122000,124000,122000,123500,123066.4219,317483
2019-05-09,122500,124000,119000,119000,118582.2188,799208
2019-05-10,120500,123000,120000,122500,122069.9297,474352
2019-05-13,121500,124000,121500,122500,122069.9297,343827
2019-05-14,121000,123500,119500,122000,121571.6797,532037
2019-05-15,121500,123000,120000,120000,119578.7109,460936
2019-05-16,120500,121000,118000,119000,118582.2188,484468
2019-05-17,120000,123500,118500,121000,120575.1953,439545
2019-05-20,121500,121500,118000,118500,118083.9688,449916
2019-05-21,117500,119500,113500,114500,114098.0156,603105
2019-05-22,115000,115000,111000,113000,112603.2813,567069
2019-05-23,112500,114000,110000,113000,112603.2813,545497
2019-05-24,113000,115000,112500,113500,113101.5313,408081
2019-05-27,112500,113000,109500,110500,110112.0547,369902
2019-05-28,109500,112500,108500,108500,108119.0781,1490526
2019-05-29,109000,111000,108500,109500,109115.5703,515196
2019-05-30,110000,114000,109500,112000,111606.7891,378379
2019-05-31,111500,112500,110000,111500,111108.5469,310649
2019-06-03,113000,115000,112000,115000,114596.2578,391824
2019-06-04,114000,114500,110500,111000,110610.3047,531826
2019-06-05,112000,112500,109500,110500,110112.0547,471689
2019-06-07,110000,112000,110000,111000,110610.3047,386800
2019-06-10,111500,114500,111000,114000,113599.7734,464590
2019-06-11,114000,114500,112500,113000,112603.2813,423258
2019-06-12,112000,114500,112000,114000,113599.7734,354664
2019-06-13,114500,115500,112000,113000,112603.2813,551067
2019-06-14,112000,113000,110500,111500,111108.5469,553083
2019-06-17,111500,111500,110000,110500,110112.0547,475346
2019-06-18,109500,110000,106500,109000,108617.3281,791946
2019-06-19,110000,110000,107000,110000,109613.8203,483689
2019-06-20,110000,112000,109000,111500,111108.5469,282163
2019-06-21,112500,115000,111500,113000,112603.2813,555965
2019-06-24,113000,113500,112000,113500,113101.5313,254210
2019-06-25,114000,116000,113000,114500,114098.0156,473961
2019-06-26,114500,116500,114000,115500,115094.5078,300077
2019-06-27,115500,116000,113000,115000,114596.2578,375582
2019-06-28,114500,115500,112500,114000,113599.7734,267404
2019-07-01,114500,115500,114000,114500,114098.0156,306736
2019-07-02,114000,115500,112000,115000,114596.2578,273980
2019-07-03,116000,118500,115000,117500,117087.4844,408701
2019-07-04,116000,119500,116000,118000,117585.7344,355658
2019-07-05,118500,121500,118500,121000,120575.1953,409700
2019-07-08,120500,121000,118000,118500,118083.9688,306897
2019-07-09,118000,120000,115000,115500,115094.5078,460058
2019-07-10,116500,119000,115500,115500,115094.5078,267438
2019-07-11,115500,118000,115500,117000,116589.2422,293389
2019-07-12,117000,118500,116500,117000,116589.2422,160685
2019-07-15,118000,120000,116500,118000,117585.7344,263893
2019-07-16,119000,120500,117500,120000,119578.7109,391260
2019-07-17,120000,120000,118000,119000,118582.2188,205316
2019-07-18,118500,122000,118500,120500,120076.9531,267715
2019-07-19,121000,123000,121000,122500,122069.9297,445122
2019-07-22,122000,122500,120500,121000,120575.1953,346897
2019-07-23,122500,123000,122000,122500,122069.9297,358255
2019-07-24,122500,124500,122500,123500,123066.4219,606769
2019-07-25,125500,134500,125000,134000,133529.5625,1635774
2019-07-26,137500,142000,136500,141000,140504.9844,1440686
2019-07-29,139500,141000,137000,138500,138013.7656,583629
2019-07-30,140000,140500,136500,138500,138013.7656,364674
2019-07-31,139000,139500,136000,138000,137515.5156,361525
2019-08-01,139500,141500,138500,140500,140006.7344,460049
2019-08-02,139000,142500,138500,142000,141501.4688,484009
2019-08-05,141000,142000,135500,138000,137515.5156,733982
2019-08-06,134000,140000,132000,138500,138013.7656,610095
2019-08-07,139000,139500,136000,137500,137017.2656,336416
2019-08-08,139500,142000,136500,140000,139508.5,496443
2019-08-09,142000,145000,140500,142500,141999.7188,368133
2019-08-12,142500,144500,140500,140500,140006.7344,217292
2019-08-13,139000,144500,138500,142500,141999.7188,352863
2019-08-14,142500,143000,138500,139000,138512,433070
2019-08-16,138500,140500,137500,139500,139010.2344,351686
2019-08-19,139000,141000,138000,139000,138512,487500
2019-08-20,139000,145500,139000,145500,144989.1875,556246
2019-08-21,144500,148500,142500,147500,146982.1563,514109
2019-08-22,148000,150500,147500,148000,147480.4063,499537
2019-08-23,149000,149000,145500,148500,147978.6406,491690
2019-08-26,145500,147000,143000,143500,142996.2031,423695
2019-08-27,144000,147500,141500,146500,145985.6719,904199
2019-08-28,146500,147500,144500,146500,145985.6719,309159
2019-08-29,146500,146500,143500,145000,144490.9375,408164
2019-08-30,146000,149000,144500,146500,145985.6719,424498
2019-09-02,156000,156000,147500,150000,149473.3906,371788
2019-09-03,151500,151500,149000,150500,149971.625,308863
2019-09-04,149500,151000,149000,151000,150469.875,351494
2019-09-05,150000,151000,145000,147000,146483.9219,548033
2019-09-06,146000,150000,145500,149500,148975.1406,223250
2019-09-09,149500,154000,148500,153000,152462.8438,464232
2019-09-10,153000,153000,150000,150500,149971.625,297053
2019-09-11,150500,154000,150000,153500,152961.0938,738431
2019-09-16,154500,156500,153500,154500,153957.5938,449618
2019-09-17,153000,155500,153000,155000,154455.8281,304106
2019-09-18,156000,159500,155500,159000,158441.7813,465208
2019-09-19,157000,158000,156000,157500,156947.0469,377446
2019-09-20,156000,158000,156000,157000,156448.8125,390181
2019-09-23,157500,158000,155500,157000,156448.8125,204570
2019-09-24,157000,158500,155500,158000,157445.2969,195994
2019-09-25,155500,159000,155500,158000,157445.2969,274586
2019-09-26,157500,159000,156500,158000,157445.2969,313084
2019-09-27,158500,158500,154500,156000,155452.3281,241249
2019-09-30,155000,157500,154500,157000,156448.8125,313910
2019-10-01,157500,160000,157000,160000,159438.2656,260668
2019-10-02,159000,160000,156500,157000,156448.8125,203708
2019-10-04,155500,159000,148500,150500,149971.625,602642
2019-10-07,150500,153500,150000,153000,152462.8438,387749
2019-10-08,154500,154500,151500,153500,152961.0938,250805
2019-10-10,151500,155500,150500,153500,152961.0938,404228
2019-10-11,156500,157000,153500,156000,155452.3281,216730
2019-10-14,156000,156500,153500,156000,155452.3281,246407
2019-10-15,156500,156500,150500,151500,150968.125,297569
2019-10-16,151500,155000,151000,154500,153957.5938,280882
2019-10-17,155000,156500,152000,153000,152462.8438,280276
2019-10-18,151500,153500,150000,150500,149971.625,245740
2019-10-21,151500,153500,149000,152000,151466.3594,245735
2019-10-22,150500,154500,150500,154000,153459.3438,360102
2019-10-23,152000,153500,151500,152500,151964.6094,226744
2019-10-24,151500,153000,150500,153000,152462.8438,224666
2019-10-25,151000,153500,151000,152500,151964.6094,162510
2019-10-28,152500,158000,152500,157000,156448.8125,335238
2019-10-29,157500,158000,152000,153000,152462.8438,321007
2019-10-30,152000,154500,151500,154500,153957.5938,290658
2019-10-31,159000,167000,157500,164000,163424.2344,1409619
2019-11-01,166000,168500,164000,167000,166413.6875,720358
2019-11-04,165500,167000,162000,164500,163922.4688,455199
2019-11-05,164000,164500,159500,161500,160933.0156,662116
2019-11-06,161500,164000,160500,161500,160933.0156,332755
2019-11-07,162000,166500,161000,165500,164918.9688,390866
2019-11-08,165000,165000,162000,163500,162925.9844,306968
2019-11-11,163500,165000,162500,163000,162427.75,231149
2019-11-12,164000,164000,160000,162000,161431.25,236652
2019-11-13,158500,159000,156000,158000,157445.2969,500221
2019-11-14,null,null,null,null,null,null
2019-11-15,177000,179000,173000,173500,172890.875,886846
2019-11-18,177500,181500,172500,178500,177873.3125,876975
2019-11-19,174500,176000,169500,170500,169901.4063,1055749
2019-11-20,170500,174000,168000,169500,168904.9375,602206
2019-11-21,169000,172500,168000,170000,169403.1719,543754
2019-11-22,169500,171000,165500,167500,166911.9531,481529
2019-11-25,168000,174500,167000,174000,173389.125,490795
2019-11-26,173500,175500,171500,173000,172392.6406,774461
2019-11-27,175000,175500,172000,172500,171894.3906,299949
2019-11-28,172500,174500,170000,173000,172392.6406,252885
2019-11-29,173000,173500,168500,172000,171396.1563,349615
2019-12-02,172500,175000,170000,171500,170897.8906,275601
2019-12-03,170500,173500,168500,172000,171396.1563,245675
2019-12-04,172000,175500,171000,174500,173887.375,228851
2019-12-05,173000,174000,170000,170500,169901.4063,271499
2019-12-06,172000,174500,170500,174000,173389.125,208849
2019-12-09,174000,175500,173000,175000,174385.6094,271990
2019-12-10,174500,175500,173000,174500,173887.375,215711
2019-12-11,175000,175500,173500,174000,173389.125,200711
2019-12-12,174500,176500,173000,175500,174883.8594,609714
2019-12-13,177500,177500,173000,175500,174883.8594,317833
2019-12-16,175000,180000,174000,179500,178869.8125,335819
2019-12-17,180000,181000,178000,180500,179866.2969,370752
2019-12-18,180000,180000,175000,178500,177873.3125,310567
2019-12-19,175000,179500,175000,179000,178371.5781,296857
2019-12-20,180000,187000,179500,183500,182855.7813,560761
2019-12-23,185000,185500,182000,184000,183354.0156,250256
2019-12-24,184000,184000,179000,182000,181361.0313,193440
2019-12-26,181500,183000,179000,180500,179866.2969,173426
2019-12-27,182000,185000,179000,183500,183237.4844,323473
2019-12-30,183500,190000,183500,186500,186233.1875,376541
2020-01-02,187500,188000,182000,182500,182238.9063,300640
2020-01-03,185000,186000,180500,181500,181240.3438,454492
2020-01-06,180000,182000,178000,180500,180241.7656,287970
2020-01-07,182500,187000,181500,187000,186732.4688,328624
2020-01-08,182000,183500,179000,183000,182738.1875,820867
2020-01-09,183500,186500,183500,186000,185733.9063,531355
2020-01-10,185000,188000,184000,188000,187731.0469,398739
2020-01-13,187500,188500,186000,188000,187731.0469,337749
2020-01-14,188000,194500,188000,190500,190227.4688,501286
2020-01-15,189500,192000,188500,191500,191226.0313,323778
2020-01-16,190000,192500,189000,191500,191226.0313,245107
2020-01-17,190500,192500,189500,191000,190726.75,286019
2020-01-20,190000,190500,187000,187500,187231.75,454733
2020-01-21,187500,189500,181000,182000,181739.625,547678
2020-01-22,185000,190000,184500,186000,185733.9063,429852
2020-01-23,185000,185500,181500,183000,182738.1875,375929
2020-01-28,182000,184500,178000,178500,178244.625,476253
2020-01-29,183000,183500,180000,180000,179742.4844,434897
2020-01-30,179500,183000,175000,180000,179742.4844,772160
2020-01-31,180000,180500,177500,179500,179243.2031,537062
2020-02-03,178000,180500,176000,177500,177246.0625,485913
2020-02-04,177500,181500,175000,180500,180241.7656,563463
2020-02-05,181000,183500,178500,181500,181240.3438,653809
2020-02-06,182500,183500,180500,181500,181240.3438,659850
2020-02-07,181500,188500,181000,185000,184735.3281,728633
2020-02-10,182500,184000,180500,183500,183237.4844,433051
2020-02-11,183500,185000,183000,184500,184236.0469,400386
2020-02-12,183000,185000,181500,185000,184735.3281,351892
2020-02-13,184000,185000,183000,184500,184236.0469,555923
2020-02-14,184000,187500,184000,186500,186233.1875,659429
2020-02-17,184500,189000,184500,188500,188230.3281,312407
2020-02-18,186500,188500,185500,186500,186233.1875,345642
2020-02-19,188000,191000,185000,189500,189228.8906,560743
2020-02-20,189500,191500,187500,190000,189728.1875,427402
2020-02-21,187500,191000,187000,189500,189228.8906,434019
2020-02-24,185500,187500,183500,184000,183736.7656,567036
2020-02-25,184000,191000,183500,190500,190227.4688,704859
2020-02-26,189500,190000,186500,187000,186732.4688,494066
2020-02-27,185000,187000,179000,182000,181739.625,535696
2020-02-28,179000,180000,172000,174000,173751.0625,830654
2020-03-02,175000,177000,172500,175000,174749.6406,659376
2020-03-03,179000,180000,174000,175000,174749.6406,544379
2020-03-04,174500,179500,173000,178500,178244.625,450252
2020-03-05,180500,181000,178500,181000,180741.0625,483840
2020-03-06,179500,181000,177500,179500,179243.2031,293897
2020-03-09,179500,179500,179500,179500,179243.2031,0
2020-03-10,168000,176000,165000,172000,171753.9375,666532
2020-03-11,172000,174000,167500,170000,169756.7969,483822
2020-03-12,170000,170000,170000,170000,169756.7969,0
2020-03-13,151000,168000,149500,166000,165762.5156,1242510
2020-03-16,166000,166500,155000,155000,154778.25,812823
2020-03-17,147500,155500,147000,151000,150783.9688,979243
2020-03-18,152500,156000,146000,146000,145791.125,666723
2020-03-19,150000,151500,135000,144000,143793.9844,1154230
2020-03-20,147500,156500,146000,154000,153779.6875,997895
2020-03-23,141500,149500,140000,143000,142795.4219,1033851
2020-03-24,151500,157000,148000,156000,155776.8281,960786
2020-03-25,160500,163000,152000,156000,155776.8281,1039579
2020-03-26,156000,158000,149500,152500,152281.8281,988725
2020-03-27,161500,164500,158500,164000,163765.375,1217815
2020-03-30,160000,165000,159000,162500,162267.5156,630830
2020-03-31,163500,171000,163500,170000,169756.7969,858165
2020-04-01,166500,171000,163000,163000,162766.8125,720283
2020-04-02,166500,175000,164500,173500,173251.7813,1086863
2020-04-03,170000,172500,168000,172000,171753.9375,663454
2020-04-06,173500,176000,170500,173000,172752.5,655547
2020-04-07,174000,174500,167500,169500,169257.5156,873091
2020-04-08,169000,169500,166500,166500,166261.7969,588577
2020-04-09,168500,169000,165000,167500,167260.375,682921
2020-04-10,166000,167000,164000,166500,166261.7969,483720
2020-04-13,164500,168000,162500,166000,165762.5156,413768
2020-04-14,168000,170000,166500,168500,168258.9375,520725
2020-04-16,168000,172500,167500,170500,170256.0781,841066
2020-04-17,175500,180000,173500,179000,178743.9219,900031
2020-04-20,181000,182000,179000,180000,179742.4844,663723
2020-04-21,180500,181500,173500,178500,178244.625,759150
2020-04-22,175000,182500,173000,182000,181739.625,611589
2020-04-23,190000,196000,186500,190000,189728.1875,1521478
2020-04-24,189000,197500,189000,192500,192224.6094,928695
2020-04-27,193000,200000,192500,197500,197217.4531,927347
2020-04-28,197500,198000,194500,198000,197716.7344,433549
2020-04-29,199500,200000,196500,197500,197217.4531,676743
2020-05-04,198500,203000,193500,199000,198715.2969,1104027
2020-05-06,201500,212500,200500,212000,211696.7031,992225
2020-05-07,211500,220000,210500,215500,215191.7031,984024
2020-05-08,216000,218500,212000,214000,213693.8438,732394
2020-05-11,214500,221000,214000,214500,214193.125,599328
2020-05-12,218000,226500,215000,219500,219185.9844,1056584
2020-05-13,217500,222500,213500,218500,218187.4063,1014692
2020-05-14,214500,222000,214500,219000,218686.6875,866427
2020-05-15,219000,219500,209500,213000,212695.2813,1050469
2020-05-18,215000,218000,211500,215000,214692.4219,638906
2020-05-19,215000,216500,210500,213500,213194.5625,917603
2020-05-20,215500,225500,215000,222000,221682.4063,977544
2020-05-21,227500,233500,222500,225000,224678.1094,1004395
2020-05-22,227000,232500,222500,230500,230170.2344,1108281
2020-05-25,234500,241000,234000,241000,240655.2188,1015069
2020-05-26,244000,246000,230000,239000,238658.0781,1568016
2020-05-27,231000,234500,226500,228500,228173.0938,1351505
2020-05-28,226000,241000,222000,240500,240155.9375,1625154
2020-05-29,240000,243000,226000,226000,225676.6719,3114298
2020-06-01,233500,237000,230000,237000,236660.9375,1140644
2020-06-02,235000,236000,232000,234000,233665.2344,689584
2020-06-03,235000,235500,225000,225500,225177.3906,1476614
2020-06-04,228000,235000,227000,232500,232167.375,1052789
2020-06-05,229000,231000,225000,231000,230669.5313,1061922
2020-06-08,234500,242000,231000,240500,240155.9375,1624752
2020-06-09,240000,243000,235500,237500,237160.2188,934440
2020-06-10,241000,247500,240000,244000,243650.9219,1431071
2020-06-11,244000,249000,239000,240500,240155.9375,1423978
2020-06-12,229000,242500,228500,242000,241653.7813,1318334
2020-06-15,240000,244500,230500,231500,231168.8125,1311773
2020-06-16,239000,243500,236000,243500,243151.6406,1155474
2020-06-17,244000,252000,243500,251000,250640.9063,1357900
2020-06-18,251500,254000,247000,247500,247145.9219,744330
2020-06-19,250000,250000,244000,249500,249143.0625,919945
2020-06-22,249500,271500,247500,270000,269613.7188,1841479
2020-06-23,272000,289000,270500,276000,275605.1563,2104075
2020-06-24,273500,279500,270500,279000,278600.8438,995065
2020-06-25,273500,276500,269500,269500,269114.4375,1196267
2020-06-26,274500,275000,263000,269000,268615.1563,937593
2020-06-29,265000,270500,261000,264000,263622.3125,814814
2020-06-30,268000,270500,263000,267000,266618.0313,862860
2020-07-01,270000,275000,266000,269000,268615.1563,655711
2020-07-02,274000,277000,271000,277000,276603.7188,1015829
2020-07-03,276500,280500,274500,277500,277103,971940
2020-07-06,278000,287500,278000,281500,281097.2813,1211636
2020-07-07,285000,289500,279000,279500,279100.125,1365047
2020-07-08,280000,284500,274000,282500,282095.8438,1353345
2020-07-09,286500,296500,284500,287500,287088.6875,2006662
2020-07-10,291500,308500,290000,299000,298572.25,2120904
2020-07-13,303500,303500,288000,297000,296575.0938,1254800
2020-07-14,290000,291000,285000,287000,286589.4063,1360849
2020-07-15,290500,293000,280500,286500,286090.125,1276196
2020-07-16,283000,285000,272000,273000,272609.4375,1338814
2020-07-17,270000,279500,266000,276000,275605.1563,926932
2020-07-20,276500,278000,260500,263000,262623.75,1556415
2020-07-21,273000,273500,269000,270000,269613.7188,1179638
2020-07-22,264000,272500,261500,270000,269613.7188,905784
2020-07-23,272000,284000,271000,284000,283593.6875,1396607
2020-07-24,281000,290500,278500,281000,280598,1233584
2020-07-27,281000,287500,276500,284500,284093,691075
2020-07-28,289500,292000,284000,288000,287587.9688,978238
2020-07-29,286000,292000,283000,292000,291582.25,964066
2020-07-30,296000,297500,291000,294000,293579.4063,1150474
2020-07-31,299000,303000,296500,301000,300569.375,1567503
2020-08-03,301500,314500,299000,314500,314050.0625,1341104
2020-08-04,317500,322000,307500,311000,310555.0625,1330818
2020-08-05,312000,314500,306500,313500,313051.5,809939
2020-08-06,313000,322000,310500,322000,321539.3438,1032045
2020-08-07,324500,325500,312000,314000,313550.7813,1063254
2020-08-10,308500,314500,303500,313500,313051.5,968592
2020-08-11,311000,314500,307500,311500,311054.3438,665863
2020-08-12,308000,311000,303500,305000,304563.6563,856711
2020-08-13,310000,311500,304000,307000,306560.7813,1406370
2020-08-14,305000,308500,303000,305000,304563.6563,608156
2020-08-18,307500,317500,305000,307500,307060.0938,1494966
2020-08-19,311500,316000,305500,315000,314549.3438,941038
2020-08-20,315000,319000,302500,305500,305062.9375,1186809
2020-08-21,311500,314500,308000,312500,312052.9375,781961
2020-08-24,313000,320000,310000,320000,319542.1875,783392
2020-08-25,323000,325000,317000,325000,324535.0313,897649
2020-08-26,321500,338500,321000,334000,333522.1563,1155853
2020-08-27,337000,347000,336500,337000,336517.875,1232239
2020-08-28,337000,338500,329500,333000,332523.5938,969408
2020-08-31,336500,340000,322000,322500,322038.625,1528978
2020-09-01,322500,329500,322000,324500,324035.75,691864
2020-09-02,332500,335500,327000,332500,332024.3125,808064
2020-09-03,333500,339500,329500,339000,338515.0313,776547
2020-09-04,322500,335000,322000,328500,328030.0313,1174337
2020-09-07,325500,325500,313500,314500,314050.0625,1308247
2020-09-08,316000,318000,305500,311000,310555.0625,989171
2020-09-09,303000,307000,300000,304500,304064.375,925825
2020-09-10,309000,311000,305000,307500,307060.0938,834946
2020-09-11,302500,307000,301000,306000,305562.2188,517023
2020-09-14,307500,308000,300000,303000,302566.5313,608816
2020-09-15,304000,314000,303000,312000,311553.6563,797985
2020-09-16,311500,312000,306000,307000,306560.7813,696219
2020-09-17,302500,304000,299000,300500,300070.0938,823516
2020-09-18,299500,302000,296000,298000,297573.6875,750488
2020-09-21,297000,301500,292000,292000,291582.25,656024
2020-09-22,290500,295000,282000,284500,284093,864846
2020-09-23,290000,298000,285500,296500,296075.8125,984136
2020-09-24,291500,295500,287000,294000,293579.4063,848971
2020-09-25,296000,297500,289500,295000,294577.9688,648182
2020-09-28,297000,302000,296000,298500,298072.9688,724465
2020-09-29,303000,303000,294000,296500,296075.8125,765489
2020-10-05,297500,299000,289500,298500,298072.9688,906516
2020-10-06,299500,307500,296500,305000,304563.6563,868540
2020-10-07,302000,305000,299500,305000,304563.6563,534644
2020-10-08,307500,307500,300000,301000,300569.375,756735
2020-10-12,303000,303000,291500,292000,291582.25,914860
2020-10-13,292000,298000,292000,295000,294577.9688,636487
2020-10-14,295000,301000,293000,298500,298072.9688,759464
2020-10-15,300500,300500,291000,292500,292081.5313,624097
2020-10-16,292500,297500,291500,293500,293080.125,446832
2020-10-19,293500,296500,286000,286000,285590.8438,434420
2020-10-20,286500,291000,281000,290000,289585.125,535870
2020-10-21,292500,301000,291000,297500,297074.375,640501
2020-10-22,295000,296000,292000,293000,292580.8125,416425
2020-10-23,295500,295500,286000,286500,286090.125,451654
2020-10-26,286500,289000,281500,281500,281097.2813,349163
2020-10-27,281500,288500,280500,283500,283094.4063,2071432
2020-10-28,282000,298500,281500,298500,298072.9688,698195
2020-10-29,297000,301000,294500,298500,298072.9688,785050
2020-10-30,299000,300000,290000,290000,289585.125,939833
2020-11-02,292000,293000,285500,285500,285091.5625,503831
2020-11-03,284000,287000,280000,283000,282595.125,1066923
2020-11-04,282500,300500,282000,298500,298072.9688,1623712
2020-11-05,295000,302000,291500,299000,298572.25,1082388
2020-11-06,303000,307000,299000,301000,300569.375,968971
2020-11-09,304000,304500,298000,298000,297573.6875,678531
2020-11-10,287000,288000,282000,283000,282595.125,1728995
2020-11-11,281000,283000,277500,280000,279599.4375,1183499
2020-11-12,283000,285500,279000,279000,278600.8438,1016673
2020-11-13,277500,282000,277500,281000,280598,710865
2020-11-16,282500,283000,277500,278000,277602.2813,887878
2020-11-17,277500,278000,273500,275000,274606.5625,816320
2020-11-18,274500,283500,274000,281000,280598,912899
2020-11-19,282500,284000,279500,280500,280098.7188,520114
2020-11-20,281500,283500,278500,281000,280598,439077
2020-11-23,282000,282500,278500,281500,281097.2813,565213
2020-11-24,281500,287000,280000,282500,282095.8438,809745
2020-11-25,287000,287000,278500,278500,278101.5625,909937
2020-11-26,280000,285500,280000,285500,285091.5625,797094
2020-11-27,287000,287500,283000,284500,284093,417510
2020-11-30,286000,286500,277500,277500,277103,1176272
2020-12-01,282000,286000,280000,285500,285091.5625,709278
2020-12-02,287000,287000,282000,283500,283094.4063,601596
2020-12-03,285000,287000,283500,287000,286589.4063,740985
2020-12-04,287500,295500,284500,294000,293579.4063,1174932
2020-12-07,300000,300500,288000,289500,289085.8438,821860
2020-12-08,291500,291500,285000,285000,284592.2813,566981
2020-12-09,285500,289000,285000,288000,287587.9688,533304
2020-12-10,288000,290000,284500,286000,285590.8438,959427
2020-12-11,288000,291500,287500,290000,289585.125,503588
2020-12-14,292500,294000,286000,286000,285590.8438,555272
2020-12-15,286500,287500,282500,283000,282595.125,491995
2020-12-16,286500,287000,283000,285500,285091.5625,381896
2020-12-17,286000,287000,282000,285000,284592.2813,522344
2020-12-18,284000,285500,282000,282500,282095.8438,487305
2020-12-21,284000,285500,280000,284000,283593.6875,473545
2020-12-22,285000,293500,284000,284000,283593.6875,750095
2020-12-23,288500,289000,283000,284000,283593.6875,508019
2020-12-24,284500,284500,280000,282000,281596.5625,453095
2020-12-28,282000,282500,280000,281000,280598,537848
2020-12-29,281500,285000,280500,283000,283000,506090
2020-12-30,285000,293000,284000,292500,292500,1190327
2021-01-04,291500,294000,285500,293000,293000,947178
2021-01-05,291500,292500,286500,292500,292500,912657
2021-01-06,292500,300500,289500,290000,290000,1375856
2021-01-07,288500,292000,286500,289500,289500,1155734
2021-01-08,293500,312000,290000,312000,312000,3175396
2021-01-11,320000,323500,301000,309000,309000,2765169
2021-01-12,305000,308500,292500,304000,304000,1573299
2021-01-13,306000,317500,304000,314000,314000,1894304
2021-01-14,318500,326000,314000,318000,318000,1548585
2021-01-15,320500,323000,305500,306000,306000,1106810
2021-01-18,304500,308500,300000,300500,300500,864969
2021-01-19,303500,310500,299500,308000,308000,880238
2021-01-20,313500,313500,302000,308000,308000,885472
2021-01-21,316500,326000,316000,322500,322500,1941446
2021-01-22,332000,350000,326000,343500,343500,3303950
2021-01-25,349000,353000,340000,349000,349000,1593848
2021-01-26,350500,351000,338000,342000,342000,1247284
2021-01-27,347000,352000,339500,341500,341500,1149246
2021-01-28,336000,366000,335000,355000,355000,2285696
2021-01-29,362000,362000,340500,343000,343000,1607894
2021-02-01,346500,352500,341500,348000,348000,988630
2021-02-02,358000,373000,353000,362500,362500,1951062
2021-02-03,366500,371000,361000,370500,370500,1197680
2021-02-04,368000,368500,356000,358000,358000,1160116
2021-02-05,363500,371500,356500,362500,362500,982325
2021-02-08,361500,364500,357000,357500,357500,712484
2021-02-09,359500,362000,355000,358500,358500,667655
2021-02-10,365000,368500,359000,366500,366500,1147417
2021-02-15,383500,388000,378000,385500,385500,1172475
2021-02-16,391500,405000,390000,394000,394000,1567108
2021-02-17,396500,396500,386000,392000,392000,1161595
2021-02-18,391500,400000,386500,388000,388000,1020222
2021-02-19,387000,398500,385500,398000,398000,1047043
2021-02-22,400000,405500,384500,386500,386500,1289395
2021-02-23,379000,394500,378500,390500,390500,1017577
2021-02-24,389500,391500,374000,374000,374000,1078485
2021-02-25,380500,384500,374500,383000,383000,757476
2021-02-26,372000,378500,368500,375000,375000,1170208
2021-03-02,389000,390000,375500,377500,377500,1240322
2021-03-03,379000,399500,377500,399500,399500,1287551
2021-03-04,392000,401000,389000,391500,391500,1585134
2021-03-05,386000,386500,371000,377500,377500,1594386
2021-03-08,382000,386000,366500,368500,368500,1031748
2021-03-09,366500,371500,350000,361500,361500,1313900
2021-03-10,373000,378000,368000,372000,372000,946917
2021-03-11,372500,377500,366000,373500,373500,1024741
2021-03-12,396000,396000,378500,380500,380500,969276
2021-03-15,382000,385500,377500,383000,383000,609496
2021-03-16,384500,389500,384000,385500,385500,574082
2021-03-17,388000,391500,380500,383500,383500,1200355
2021-03-18,388500,410000,386500,403500,403500,1818409
2021-03-19,397000,407500,395000,402000,402000,1258199
2021-03-22,402500,405500,393000,396500,396500,911358
2021-03-23,397000,399000,384000,386000,386000,1167110
2021-03-24,380000,387000,376000,387000,387000,763754
2021-03-25,381500,384000,378000,380000,380000,672585
2021-03-26,380000,383000,377000,383000,383000,691786
2021-03-29,383500,384000,372000,372000,372000,878014
2021-03-30,373500,381000,373500,376500,376500,623997
2021-03-31,379500,383000,377000,377000,377000,568103
2021-04-01,375500,379000,372000,378500,378500,547402
2021-04-02,381500,382500,378000,379500,379500,476668
2021-04-05,379500,380000,374500,377000,377000,421508
2021-04-06,378500,391000,378000,388500,388500,997518
2021-04-07,390500,391000,381500,384500,384500,578490
2021-04-08,384500,387000,380000,381500,381500,626575
2021-04-09,382000,385000,381500,383500,383500,469100
2021-04-12,384500,393000,383000,385500,385500,680329
2021-04-13,384000,389000,382000,388500,388500,586643
2021-04-14,391500,398000,390000,391500,391500,757969
2021-04-15,391500,398500,386500,391000,391000,889538
2021-04-16,394500,395000,391000,391500,391500,420322
